상품,가격
물티슈제작 판촉물 사은품 홍보전도 분양개업판촉,35
[무자극] 웜리 아기 엠보싱물티슈 캡형 80매,19700
나만의 일회용 업소용 물티슈 제작,87000
미엘 클래식 물티슈 캡형 100매,10860
도담이 더 클래식 유아물티슈 캡형 100매,10800
베베숲 시그니처 그린 물티슈 캡형 70매,13800
코스더블유 마이리얼 물티슈 캡형 120매,7500
브라운 물티슈 안전한 신생아 대용량 캡형 10팩 20팩 도톰한 두꺼운 아기물티슈 모음전,20900
베베숲 시그니처 위드 블루 물티슈 캡형 70매,15680
페넬로페 본보야지 에펠 물티슈 캡형 70매,18510
살림백서 물티슈 안전한 신생아 대용량 캡형 100매 10팩 엠보싱 아기물티슈 도톰한,16900
미엘 더 클래식 시그니처 물티슈 캡형 100매,8960
베베숲 헬로 500 물티슈 캡형 100매,11770
베베숲 시그니처 브라운 물티슈 캡형 70매,13380
업소용물티슈 1000매 일회용 카페 무지 덕용 개별포장 물티슈,14700
네츄럴오가닉 퓨어 플레인 스마트 캡형 100매,9090
순둥이 베이직 물티슈 캡형 80매,12710
그린터치 물티슈 캡형 100매,3230
슈퍼대디 물티슈 10팩 20팩 본품 캡형 대용량 신학기 신생아 아기물티슈,29900
업소용물티슈 1000매 일회용 무지 개별 포장 카페 식당 음식점 홍보용 판촉물 영업용 1회용 미니 물티슈,14700
홍보용물티슈 5매10매20매30매 물티슈제작 판촉 인쇄 전도 업소용 물티슈,2590
베베숲 제로 플레인 물티슈 캡형 80매,9990
앙블랑 세이프 인디핑크 아기물티슈 캡형 72매,9240
한스웰 시치미 물티슈 엠보싱 캡형 100매 10팩+10팩,23980
크리넥스 마이비데 클린케어 56매 X9팩 외 /화장실용 물티슈,19900
자연분해 물에 녹는  70매 캡형 아기 물티슈,22800
깨끗한나라 퓨어 물티슈 캡형 70매,11010
순둥이 베이직 무향 엠보싱 플러스 물티슈 캡형 100매,15530
브라운 물티슈 신생아 아기물티슈 프리미엄카키 엠보싱 두꺼운 대용량물티슈 도톰한 생분해,26900
베베숲 시그니처 위드 블루 신학기 스위트 에디션 70매 캡 20팩,46800
베베숲 프리미어 물티슈 캡형 70매,3790
베베숲 시그니처 위드 블루/그린/레드/프리미어 캡 20팩 모음,28560
BEBEEN 오리지널 아기 물티슈 캡형 100매,10630
노브랜드 도톰한 물티슈 캡형 100매,5330
홍보용 물티슈제작 5매10매20매 무지 교회전도 전도용 업소용 일회용 물티슈 인쇄 제작,3090
깨끗한나라 페퍼민트 물티슈 캡형 70매,3570
앙블랑 세이프 카키 아기물티슈 캡형 68매,15590
BROWN 프리미엄 옐로우 물티슈 캡형 72매,13300
올프리 물티슈75 캡형 70매,30530
BROWN 오리지널 플러스 물티슈 캡형 80매,18500
업소용물티슈 1000매 덕용 하이드로니트 일회용 음식점 카페 물티슈 무지 개별포장 제작,25500
베베숲 시그니처 블루 에코 캡형 70매,24350
업소용물티슈1000매 카페 무지 식당용 일회용물티슈 1회용 물수건 좋은물티슈,14700
그린핑거 유아용품 소독티슈 캡형 50매,5150
베베숲 시그니처 레드 물티슈 캡형 70매,24600
베베숲 라이트 물티슈 캡형 80매,3980
휴디 업소용 일회용 물티슈 블랙 OPP 고급 디자인 4종 무지 1종 택 1박스 1000개,28000
랩신 손소독티슈 60매입(99.9% 항균력테스트 완료 소독 물티슈),9500
베베숲 제로 플레인 80매 캡 10팩,19900
붕어빵 엘리트 올인원 A+ 물티슈 캡형 72매,15070
미엘 민트 물티슈 캡형 100매,10680
스카트 에코 종이 물티슈 캡형 70매,3600
아이러브베베 아기물티슈 아이보리 캡형 72매,14900
SHINE 생활공작소 비데 물티슈 베이직 캡형 60매,17870
유한킴벌리 크리넥스 안심 물티슈 캡형 60매,4400
마미요 가성비갑 대용량 물티슈 20팩 두꺼운 도톰한 캡형 안전한 아기 물티슈 10팩 외 전제품,10900
애터미 물티슈 캡형 70매,9960
앙블랑 세이프 블랙 아기물티슈 캡형 70매,18430
유한킴벌리 크리넥스 마이비데 화장실용 물티슈 캡형 56매,7000
아이러브베베 아기물티슈 핑크 캡형 100매,13800
미엘 클래식 물티슈 휴대용 25매,10780
순둥이 프리미엄 엠보싱 물티슈 캡형 70매,16320
베베숲 트러스트 플러스 물티슈 캡형 80매,2810
베베숲 시그니처 위드 레드 70매 캡 20팩 신생아 두꺼운 물티슈,48800
한울생약 리꼬 손소독 티슈 캡형 50매,8280
소프트판다 대용량 아기물티슈 100매 10팩 엠보싱 캡형,12900
유한킴벌리 크리넥스 마이비데 화장실용 물티슈 리필형 46매,1500
베베숲 센시티브 물티슈 캡형 80매,9200
마미요 오리지널 아기물티슈 캡형 100매,10900
한스웰 시치미 평량 80g 프리미엄 엠보싱 아기물티슈 캡형 72매입 10팩,13900
업소용 무지 물티슈 식당 카페 배달 개별포장,21000
[1+1패키지] 미래생활 네이즈 노블 프리미엄 유아물티슈 캡형 70매 x 10팩 + 10팩,24900
크리넥스 마이비데 클린케어 56매 X9팩 외 /화장실용 물티슈,19900
BEBEEN 시그니처 플러스 물티슈 캡형 100매,9660
페넬로페 아기물티슈 10팩 모음전,23900
앙블랑 세이프 베이지 아기물티슈 캡형 72매,11910
깨끗한나라 손소독티슈 캡형 60매,8290
시치미 쓱 데일리 물티슈 캡형 100매,10500
애경산업 랩신 V3 손소독 티슈 캡형 60매,9070
클레보스 에센셜 블랙 물티슈 캡형 74매,14940
BEBEEN 오리지널 플러스 물티슈 캡형 100매,10700
앙블랑 핑크 토끼 물티슈 캡형 72매,10860
브라운 물티슈 VIP 골드 블루 대용량 두꺼운 도톰한 안전한 신생아 아기물티슈 캡형 모음,28900
업소용 덕용물티슈 1000매 포장물티슈1200매 물수건 일회용 식당용 대용량 공장직판,21000
크리넥스 유한킴벌리 마이비데 휴대용 화장실용 물티슈 비데티슈 10매 1팩,3500
브라운물티슈 2023년형 프리미엄브라운 두꺼운 엠보싱 신생아 대용량물티슈 캡형 모음,24900
웜리 아기물티슈 프레스티지 캡형 80매,18720
모나리자 내추럴 플러스 물티슈 캡형 100매,11000
깨끗한나라 클린 손소독티슈 캡형 60매,8400
브라운 비데물티슈 화장실용 저자극 비데티슈 80매 48매 20매 캡형 10팩 12팩 모음,19900
페넬로페 본보야지 메종 물티슈 캡형 70매,13430
스마트에코 안단테 물티슈 캡형 72매,14540
우리동네맛집 물티슈 업소용 물티슈 400매,13400
소프트판다 대용량물티슈 아기티슈 100매10팩,12900
유한킴벌리 생분해 종이물티슈 캡형 70매24팩,21900
앙블랑 세이프 민트 아기물티슈 캡형 72매,9820
미엘 클래식 엠보싱 아기물티슈 캡형 100매 20팩,24350
메디앙스 닥터아토 손소독 티슈 휴대용 20매,3140
깨끗한나라 오곡 물티슈 캡형 100매,5300
[팩 선택] 닥터아토 바이러스 살균 손소독티슈 20매,42900
베이비베이비 아기물티슈 트윙클 캡형 120매,9410
그린터치 물티슈 캡형 100매 (30개마다 독일 패턴행주 1P 증정),3650
앙쥬르 실키 물티슈 캡형 100매,9270
베베숲 시그니처 그린 휴대 캡형 20매,9870
깨끗한나라 닥터비데 화장실용 물티슈 캡형 46매,4480
하늘수 퓨어 물티슈 캡형 76매,17660
붕어빵 엘리트 패밀리 A+ 물티슈 캡형 80매,13590
하기스 퓨어 그린 물티슈 캡형 80매,3850
유한킴벌리 크리넥스 마이비데 클린케어 화장실용 물티슈 리필형 46매,3790
올프리 물티슈 55 캡형 80매,24170
하기스 내츄럴케어 플러스 물티슈 캡형 64매,4750
앙쥬르 45 휴대용 물티슈 20매,12370
BROWN VIP 골드 브라운 아기물티슈 캡형 70매,27810
도담이 소프트 플레인 물티슈 캡형 100매,10800
쥬얼리 물티슈 캡형 아기 유아 신생아 청소용 두꺼운 추천,12900
한스웰 시치미 물티슈 엠보싱 캡형 100매 10팩,12400
슈퍼대디 물티슈 10팩 20팩 본품 캡형 대용량 신학기 신생아 아기물티슈,29900
더순수 건티슈 프리미엄 대용량 1500매,19500
크리넥스 마이비데 리필 캡형 휴대용 밸런스케어 여성용 레이디 키즈 물티슈 화장실물티슈,11800
순둥이 아기물티슈 모음전/ 생분해물티슈 살균 소독티슈 소프트메이트 KF94 아기타월,18900
홈플러스 시그니처 물티슈 캡형 100매,3860
하기스 수딩케어 플러스 아기물티슈 캡형 72매,9750
클레보스 안전한 저자극 유아 아기 신생아 물티슈 대용량 두꺼운 도톰한 엠보싱 캡형 친환경,17900
베베숲 시그니처 위드 블루 신학기 스위트 에디션 70매 캡 10팩,19990
힐링데이 물티슈 60매20팩 대형물티슈 요양병원 물티슈,26000
에이제이 베베숲 비데티슈 캡형 48매,17390
브라운 러브빌리프 골드 핑크 아기물티슈 70매 캡형 10팩,21900
베베숲 프리미어 엠보싱 물티슈 캡형 70매 x 10팩,16900
스마트에코 모데라토 물티슈 캡형 80매,11560
홍보용전도용 물티슈제작 전도판촉 물티슈주문제작,2590
루이비앙 고평량 물티슈 네이버 안전한 캡형 두꺼운 아기물티슈 도톰한 유아 신생아물티슈 모음전,22900
베베숲 시그니처 브라운 에코 캡형 70매,23810
아이러브베베 포레 아기물티슈 캡형 72매,7490
애터미 물티슈 70매입 x 16팩 / 8팩 (최신제조),37300
베베숲 카밍 75 물티슈 캡형 70매,6600
스마트에코 베이직 물티슈 캡형 100매,12930
아이러브베베 아기물티슈 블루 캡형 80매,12180
미엘 클래식 아기물티슈 캡형 100매 신생아 유아용 대용량 도톰한 두꺼운 청소용 물휴지,13900
미니 물티슈 제작 업소용 포장 주문제작 인쇄,27000
미엘 건티슈 청소 청소포 다용도 행주 대용량 청소포 2.5kg 1000매이상,14900
생활공작소 비데 비데용 물티슈 60매x10입,17900
유한킴벌리 크리넥스 마이비데 키즈 캡형 40매 (리뉴얼),5000
"전도물티슈 10매 1,000개 교회물티슈 전도용물티슈 홍보용",154000
스마트에코 비바체 물티슈 캡형 100매,9890
올스탠다드 깨끗한 엠보싱 아기 물티슈 캡형 100매,10520
업소용물티슈 제작 5000매 컬러인쇄 소량 상호인쇄 식당용 물티슈 무료로고,160000
순둥이 생분해물티슈 그린에디션(봄) 캡형/리필형 80매 10팩,19800
노브랜드 도톰한 물티슈 100매,3980
아이러브베베 아기물티슈 블루 리필형 80매,11930
베베숲 시그니처 블루 슬림캡 32매,17380
크리넥스 잘닦이는 엠보싱 물티슈 점보 캡형 70매,6700
업소용 물티슈 일회용 홍보용 제작 3000매,87000
카페물티슈 600매 고급형 미니 무지 업소용 무광합지 물티슈 1000매,13800
마이비데 물티슈 캡형 리필 46매 밸런스케어 40 휴대용 10 레이디 20 배변 키즈티슈,11900
유한킴벌리 크리넥스 마이비데 밸런스 케어 화장실용 물티슈 캡형 40매 (리뉴얼),4880
크리넥스 수앤수 코튼클린 베이직 물티슈 캡형 72매,7150
유한킴벌리 크리넥스 마이비데 클린케어 물티슈 캡형 46매 x 10팩 + 휴대용 10매 x 3팩,15890
[100%천연원단] 국산 압축티슈 500매 미술놀이 동전 코인모양 물티슈,17700
바이오늘 프렌즈 엑셀런트 물티슈 캡형 72매,15500
붕어빵 올인원 물티슈 캡형 70매,15080
꿈토리 아기 물티슈 넉넉한 점프 캡형 100매,7500
미엘 와이드 요양병원 환자용 간병 빅사이즈 엠보싱 대형 물티슈 60매 5팩+5팩 총10팩,17900
한스웰 시치미 평량 80g 두툼하고 순한 프리미엄 엠보싱 아기물티슈 캡형 72매입 10팩 + 10팩,25800
물티슈 제작 인쇄 업소용 홍보 판촉 카페 배달,32000
아이러브베베 엠보싱 블루 80매 10팩 캡형 아기물티슈 80매 무료배송,9700
마미요 시그니처 아기물티슈 캡형 70매,10800
크리넥스 안심 물티슈 캡형60매 1개 손소독 안티바이러스 알콜 세정 살균 제균 소독 티슈,4590
누리케어제로 자연원단 생분해물티슈 74매 x 10팩 도톰한 레이온원단100%,19900
모나리자 올바른 플러스 물티슈 캡형 100매,8900
땡큐 Original 물티슈 캡형 100매,5880
아이러브베베 시그니처 오블랑 아기물티슈 캡형 100매,15190
업소용물티슈 1회용1000 미니 카페물티슈 무지 식당용 일회용 예쁜물수건,14700
순둥이 베이직 물티슈 리필형 80매,14820
애경산업 랩신 브이쓰리 손소독티슈 20매,4840
업소용물티슈 2000매 일회용 미니 카페물티슈 대용량 무지 식당 1회용 깨끗한물수건 코인티슈,29200
한울생약 퓨어닷 장남감 소독티슈 캡형 30매,12390
올프리 물티슈65 캡형 80매,34310
유한킴벌리 크리넥스 마이비데 클린케어 50매x12팩 비데물티슈,18270
스프링클 키즈용 비데 물티슈 POO티슈 캡형 60매,9900
순둥이프리미엄 물티슈 프리미엄 엠보싱 캡 70매 10팩/EC-01,18840
아이러브베베 아이러브베베 아기물티슈 피치 100매 캡형X20팩,16340
베베앙 시그니처 아기물티슈 대용량100매 캡형10팩,12990
노브랜드 노브랜드 도톰한 물티슈 100매 24입(1박스),25200
꿈토리100매10팩 20팩 엠보싱 물티슈모음전 유아 아기 무향 레이온 캡형 대용량 물티슈,9900
한스웰 시치미 평량80g 허니 옐로우 프리미엄 아기물티슈 캡형 72매입 10팩 엠보싱,17150
자연분해 신생아 도톰 아기 휴대 물티슈 30팩,23360
미드리움살균소독물티슈72매(1BOX 24EA),156000
크리넥스 수앤수 코튼클린 오리지널 물티슈 캡형 72매,3490
순둥이 데일리 물티슈 캡형 80매,13770
BROWN 프리미엄 옐로우 휴대 물티슈 캡형 20매,11900
생분해물티슈 키니비니 나무에서 자연으로 아기물티슈 휴대용 대용량 엠보싱 플레인,19900
BROWN 네이처 포레스트 아기물티슈 캡형 70매,27090
브라운 러브빌리프 골드 핑크 아기물티슈 70매 캡형 10팩,21900
미엘 화이트 물티슈 캡형 80매,10740
깨끗한나라 오곡물티슈 캡형100매x20팩-1박스 최근제조상품발송,18480
아기물티슈 시그니처 위드블루 70매 20팩,47300
순둥이 베이직 무향 엠보싱 물티슈 캡형 80매,15930
한예지 그린비데 물티슈 캡형 46매,9930
숨 물티슈 캡형 100매,3000
크리넥스 잘닦이는 엠보싱 물티슈 점보 캡형 70매 (리뉴얼),6600
BROWN 네이처 체리블라썸 물티슈 캡형 72매,24900
유한킴벌리 그린핑거 손소독 물티슈 캡형 30매,6690
미엘(리빙) 미엘 클래식 엠보싱 물티슈 100매 캡형 20팩 우체국택배 빠른배송,22800
베베숲 트러스트 플러스 메가팩 80매 20팩,21930
제이트로닉스 아이프리 더클린 손소독 티슈 캡형 80매,13400
순둥이 생분해물티슈 살균티슈 소독티슈 모음전 (60매 20매 휴대 5매 미니) / 제균 유해세균제거,20900
크리넥스 수앤수 코튼클린 오리지널 물티슈 캡형 96매,4360
센스 물티슈 악어 꿀벌 캡형 20팩 대용량,16900
올가드 코인티슈 500개입 무방부제 대용량 업소용 일회용 압축 건티슈 미술놀이,20900
스카트 종이 살균 소독티슈 80매 10개입 1박스 41810,19900
하기스 퓨어그린 물티슈 캡형 70매+10매(총80매) X10개 (릴리유 리뉴얼),15900
깨끗한나라 프레쉬 물티슈 캡형 80매,9800
홍보용 물티슈제작 10매20매25매 무지 교회전도 전도용 업소용 일회용 물티슈 인쇄제작,3120
앙블랑 샤인 옐로우 물티슈 캡형 100매,13410
한예지 휴 마일드 물티슈 캡형 100매,7710
스마트에코 비바체 플러스 아기물티슈 캡형120매,7790
아기물티슈 프리미어 20매 휴대 캡 12팩,11900
누누베베 벅스골드 물티슈 캡형 72매,19900
마마랩 오리지널 물티슈 캡형 80매,8890
붕어빵 패밀리 물티슈 캡형 70매,10210
데이데이비쥬 아쿠아 코랄 물티슈 캡형 70매,7960
코디 코디 닦기편한물티슈 (캡) 100매 20팩,16840
한울생약 DOCTORS 손소독 티슈 캡형 30매,4190
유한킴벌리 크리넥스 마이비데 클린케어 카카오 화장실용 물티슈 캡형 40매,6000
크리넥스 에코그린 물티슈 캡형 70매,5710
유한킴벌리 크리넥스 마이비데 센서티브 케어 화장실용 물티슈 40매 (리뉴얼),9390
앙쥬르 두꺼운 대용량 물티슈 신생아 물휴지 100매 20팩 10팩,12900
BROWN 프리미엄 카키 물티슈 캡형 70매,24210
베베숲 센시티브 엠보싱 휴대 캡형 20매,5500
모나리자 올바른 물티슈 캡형 100매 (리뉴얼),840
[기간한정] 두리 베비스킨 생분해 비데 물티슈 리필 60매 10팩(+휴대 5팩) 물에 풀리는 천연펄프,17500
휴디 업소용 일회용 물티슈 로고 인쇄 OEM 제작 약 10만장 분할 제작 가능,220000
"미드리움 항균 물티슈 72매캡형,30매,20매,10매",58500
베베숲 시그니처 위드 레드 70매 캡 10팩 신생아 두꺼운 물티슈,24900
순둥이 생분해물티슈 데일리 모음전 (80매 20매 휴대) / 경제적,17200
홈플러스시그니처 물티슈 100매,4000
도담이 로즈 골드 엠보싱 물티슈 캡형 100매,8400
크리넥스 수앤수 대용량 물티슈 두꺼운 96매 6팩,11780
물티슈 애터미물티슈 캡형 대용량 두꺼운 유아용 70매 8팩,16700
아기물티슈 시그니처 그린 20매 휴대 캡 12팩,11900
센스 악어 물티슈 캡형 100매,12250
최신제조 애터미 유아용 아기 물티슈 70매X8개입(1박스),16800
마미요 네이처그린 물티슈 캡형 100매,14880
아쿠아티슈/정품/500개/코인 동전 물티슈 압축 건 티슈,18100
러브레터 물티슈 캡형 80매,14180
이마트 노브랜드 도톰한 물티슈 100매 24개입 1박스,27900
보솜이 13무 안심 물티슈 캡형 60매,5140
베베숲 시그니처 그린 세이프비 에디션 물티슈 캡형 70매,37120
3M 스카치브라이트 살균 소독 티슈 휴대용 50매 x 5개 + 20매 x 10개,20290
크리넥스 100% 천연펄프 생분해 종이물티슈 80매 X 10 외,17900
BROWN 베이직 플러스 아기물티슈 캡형 102매,16890
깨끗한나라 오곡 물티슈 캡형100매 x 1팩,3780
하늘선물 물티슈 캡형 100매,4890
보드레 대용량 물티슈 캡형 100매 10팩,9900
74매 x 10팩 두툼한 도톰한 두꺼운 물티슈,19900
살림백서 두꺼운 청소용물티슈 100매 x10팩,16900
도리도리 데일리 물티슈 캡형 100매,15790
앙블랑 아기물티슈 인디핑크 캡형  72매  10팩,20320
비앤비 세정티슈 캡형 60매 휴대 20매 유아 키즈 어린이 장난감 소독 살균 아기 물티슈,15800
미쁘 일회용 개별포장 식당 물티슈 1000매,14900
앙블랑 세이프 인디핑크 아기물티슈 휴대 캡형 20매,8070
비데티슈 48매 캡 10팩,19900
특허받은 달곰이 아기물티슈 데일리 캡형 10팩 외 모음전,13900
브라운 휴대용 물티슈 외 도톰한 신생아 아기물티슈 라인 모음,12900
LG생활건강 세균아꼼짝마 손소독 티슈 캡형 50매,9300
하기스 퓨어그린 물티슈 캡형 72매,17930
마이비데 캡형 60매 x 6팩 비데 화장실 물티슈 키즈 비데티슈,15450
유한킴벌리 크리넥스 안심 물티슈 휴대용 20매,2060
순둥이 베이직 무향 엠보싱 플러스 물티슈 리필형 100매,15590
마미요 데일리 물티슈 캡형 100매,10600
보드레 그리너리 물티슈 캡형 100매,6900
업소용 물티슈 일회용 물티슈 900개 하랑 땡큐 덕용 무지 식당용,14000
콤비 물티슈워머 콤팩트,54900
COMET 시그니처 아기물티슈 캡형 100매,11450
제일참 메디와이퍼 살균 소독 티슈 캡형 80매,4700
아이러브베베 아이러브베베물티슈핑크 100매 리필형X20팩,12240
"미드리움 손소독티슈 에탄올 62% 1매,10매,20매,50매 72매 [박스 기준]",12100
미엘 물티슈 클래식 엠보싱 100매 20팩,25900
생분해물티슈 키니비니 나무에서 자연으로 아기물티슈 휴대용 대용량 엠보싱 플레인,19900
아이러브베베 플러스 옐로우 물티슈 리필형 120매,13930
배냇짓 아기물티슈 캡형 대용량 두꺼운 신생아 프리미엄 엠보싱 100매 20팩 10팩,12600
아임클린 저자극 화장실용 비데 물티슈 캡형  46매  10팩,13500
미엘 도톰한 대용량 아기 물티슈 청소용 엠보싱 100매 20팩 10팩,11900
순둥이 물티슈 베이직 캡 80매 10팩/BC-01,17080
깨끗한나라 페퍼민트 물티슈 리필형 70매,7260
시치미 쓱 그린 플러스 프리미엄 물티슈 캡형 72매,13860
SHINE 올담 비데 물티슈 캡형 62매,16500
[깨끗한나라] 99.9% 클린 손소독 물티슈 캡형 (60매 x 6팩),17900
BROWN 네이처 센시티브 아기물티슈 캡형 70매,19900
SHINE 아임클린 비데 물티슈 캡형 80매,21340
하늘수 물티슈 10팩 모음전/ 아기물티슈 / 유아물티슈,17010
앙블랑 물에녹는 비데 물티슈 비데티슈 패밀리 캡형 46매X10팩 LFC10,17500
유한킴벌리 크리넥스 마이비데 키즈 휴대용 10매,11390
베베숲 시그니처 위드 레드 70매 캡 10팩+10팩,50800
BEBEEN 120 물티슈 캡형 120매,13490
BROWN 네이처 프리미엄 물티슈 캡형 72매,24810
베베숲 시그니처 위드 블루/그린/레드/프리미어 캡 20팩 모음,29170
앙블랑 세이프 바이올렛 아기물티슈 캡형 74매,15760
[마미요] 아기물티슈 20팩 대용량 모음전,19500
노브랜드 노브랜드 도톰한 물티슈 100매 24입(1박스),25200
한스웰 시치미 물티슈 캡형 모음 10팩 20팩 도톰한 프리미엄 엠보싱,12400
"브리옹 모모 휴대용물티슈 캡형 20매 12팩, 아기물티슈",10500
비데 물티슈 티슈 화장실 물에녹는 닥터비데 4개,9900
모나리자 내추럴 프리미엄 물티슈 캡형 70매,15030
페넬로페 아기물티슈 프르미에 로제 캡형 70매,19900
브라운 프리미엄 카키 아기 물티슈 20매 휴대 캡형 12팩,17900
마이비데 화장실용 물티슈 + 용기 리필형  46매  8팩,17500
누누베베 벅스 골드 물티슈 캡형  72매  16팩,30900
앙블랑 세이프 베이지 아기물티슈 휴대 캡형 24매,9140
물따로 오리지날 캡형 40매 + 물 250ml,26370
자우버 수애 일회용 손소독티슈 개별포장,12900
순둥이 그린에디션 새해 물티슈 캡형 80매,15410
보솜이 아기 물티슈 캡형  60매  10개,16190
생활공작소 캡형 비데 물티슈  60매입  10팩,22000
베베숲 센시티브 플레인 아기 물티슈 캡형  80매  10팩,33900
닥터크린 피톤치드를 담은 물티슈 캡형 100매,9030
앙블랑 인디핑크 유아물티슈 리필형  72매  10팩,28200
베베숲 모이스처 물티슈 캡형 80매,6980
미엘 물티슈 클래식 엠보싱 캡형 100매 20팩 평량50g 저자극 안전한 순한 대용량,25900
네츄럴오가닉 프리미엄 엠보싱 아기물티슈 스마트 캡형 80매,23130
닥터스 손소독티슈 휴대용 30매 99.9% 세균퇴치 소독용에탄올 장난감 자동차세정 제균,4450
페넬로페 아기물티슈 프르미에 포레 캡형 70매,13570
그린터치물티슈(100매)x30개입 대용량물티슈 국산 샤론샵,22900
마더케이 순면 아기 건티슈 160매 대용량,10300
10매 40팩 생분해 휴대용 유아 아기 물티슈,15900
아이러브베베 아기물티슈 피치 캡형 100매,15300
클레보스 이노센트 물티슈 캡형 74매,14680
앙블랑 카키 라이트 아기물티슈 캡형  32매  10팩,29800
올스탠다드 실속 라이트 물티슈 캡형 100매,11890
업소용 물티슈 1600매 42g 1매 개별포장 낱개 1회용 무지 덕용 미니 식당 음식점 카페 홍보 영업 제작가능,27700
메르슈 무표백 순면 건티슈 150매,19800
슈퍼대디 미피 더세이프 물티슈 캡형 70매,23750
도리도리 퓨어 물티슈 캡형 100매,9880
아이티씨 헬로키티 시그니처 물티슈 캡형 70매,21150
물따로 오리지날 대용량 건티슈 800매/640매,26900
순둥이 물티슈 베이직 리필 80매 20팩/S-BR,29990
깨끗한나라 클린 마일드 손소독티슈 캡형 60매,6440
미래생활 새싹이 물티슈 캡형 100매,3540
다커 BROWN 터치 비데 화장실용 물티슈 캡형 48매,14900
하늘수 프리미엄 물티슈 리필형 70매,19470
크리넥스 소프트엠보싱 빅앤와이드 물티슈 60매,8980
고래를구하는물티슈 캡형 70매,20970
메디앙스 닥터아토 손소독 티슈 슬림 휴대용 30매,6330
보솜이 물티슈 휴대용 10매,3350
BROWN 러브 빌리프 골드 아이보리 물티슈 캡형 70매,29090
아기물티슈 그린터치 저자극 순한성분 (100매입x1팩) 캡형 국산,3650
하늘수 물티슈 퓨어 캡 10팩 항균 아기물티슈,18810
[올담] 비데물티슈 코튼블라썸향 62매x10팩,17500
유한킴벌리 크리넥스 마이비데 휴대용 물티슈 10매,2010
베베숲 시그니처 블루 캡형 신생아 유아 엠보싱 아기 물티슈 70매 10팩 / 15팩 / 20팩,22900
릴리유 퓨어퍼플 물티슈 캡형 72매,14460
노브랜드 노브랜드 도톰한 물티슈 100매 X 20개입,19600
라프라프 약산성 아기 물티슈 1박스 특가 4종 택1,22900
더퍼스트터치 페넬로페 쁘띠비데 물티슈 캡형 46매,16900
모나리자 내추럴 마일드 물티슈 캡형 120매,9470
BROWN 오리지널 플러스 물티슈 리필형 80매,17900
베베숲 시그니처 위드레드 70매 캡 20팩,32500
루이비앙 핑크 아기물티슈 캡형 100매,16630
브라운물티슈 두꺼운 네이처 밤부 아기 신생아물티슈 대용량 생분해물티슈 외 모음,29900
크리넥스 종이물티슈 캡형 80매,6440
모데라토 80매 20팩 캡형 물티슈,14900
한포대나무속살 클래식 물티슈 캡형 90매,17910
바이오늘 우리아기 바이오케어 티슈 퍼플 캡형 72매,13800
도담이 물티슈 두꺼운 물휴지 10팩 20팩 100매,11400
아망아망 베이직 물티슈 캡형 100매,5699
달곰이 데일리 플레인 캡형 80매,11790
마미요 도톰한 항균 아기 물티슈 100매 10팩 20팩 캡형 엠보싱 두꺼운 물휴지,15500
깨끗한나라 페퍼민트 물티슈 캡형 60매,5890
NEW크리넥스마이비데 클린케어 캡형 56매X9,19400
하늘수 물티슈 프리미엄 캡10팩 유아/항균,22950
순둥이 제균티슈 각종 유해세균 살균테스트 완료,20900
앙블랑 아기물티슈 스카이 블루 캡형 대용량 100매 5팩+5팩 SB10,14900
블랑슈 아기물티슈 오리지널 플러스 캡형 70매 10팩,15880
아토티슈 프리미엄 대용량 플레인 엠보싱 5kg 3000매내외 청소포 소독 행주 걸레 소독티슈,19500
헬로 550 물티슈 캡형 100매,14940
스마트에코 모데라토 물티슈 리필형 80매,9960
샤인 물티슈 캡형 100매 / 부드럽고 도톰한 물티슈,3590
보솜이 베이비케어 물티슈 휴대용 10매,3660
폴앤비비 마일드 물티슈 캡형 80매,10000
네츄럴오가닉 오리지널 엠보싱 캡형 100매,16370
앙블랑 봄핑크 아기물티슈 캡형 72매X20팩 N-PIC20,27500
붕어빵 데일리랩 네이쳐 물티슈 캡형 80매,8320
[네이처리뉴얼] 베베숲 시그니처 에코 10팩 모음전,26370
시그니처 블루 에코 70매 캡 10팩(생분해 원단 네이처골드 리뉴얼),26900
순둥이 프리미엄 무향 엠보싱 캡형 70매,17780
베베숲 휴대용 물티슈 모음전,10580
마더케이 건티슈 아기 건티슈 160매 대용량,10300
기본에 충실한 소독티슈 캡형 60매,12900
힐링데이 물티슈 빅사이즈 60매 엠보싱 15팩 일반 20팩 요양병원물티슈,22200
[깨끗한나라] 99.9% 클린 손소독 물티슈 캡형 60매 1BOX(24팩),69900
스프링클 비데 푸티슈 캡형 60매 x 10팩 + 휴대용 리필형 10매 x 5팩,17900
"물없이 샤워하는 모스키토 바디 물티슈 1팩 10개, 빅사이즈",11200
랩신 손소독티슈 60매입 x 4개,24900
하기스 퓨어쁘띠 물티슈 휴대용 20X16팩,11500
센스 물티슈 악어 100매 20팩 대용량 / 한장씩 톡톡,14900
릴리유 퓨어그린 물티슈 캡형 80매,16030
방그레 라이트 캡형 100매 (리뉴얼),9900
페넬로페 아기물티슈 볼리드 모음전,17300
답이답이다 다용도 물티슈 캡형 100매,11500
센스 물티슈 악어 100매 20팩 대용량 / 한장씩 톡톡,14300
베스토 물티슈 무향,3220
크리넥스 마이비데 화장실용 물티슈 모음,20050
베네플러스 물티슈 캡형 100매,7870
페넬로페 아기물티슈 바이탈 플러스 세자린 캡형 70매,22220
네츄럴오가닉 오리지널 플레인 물티슈 캡형 70매,10390
바이오늘 우리아기 바이오케어 티슈 옐로우 캡형 70매,12130
세균아 꼼짝마 손소독티슈 휴대용 10매 X 10개,12900
애터미 물티슈 70매 8팩 100%최신제조,17800
하기스 모이스쳐케어 플러스 아기물티슈 캡형 72매,9750
릴리유 퓨어블루 아기물티슈 캡형 80매,24580
랩신 V3 손소독티슈 60매 x1개 (99.9% 항균 소독 물티슈),6300
베이비베이비 네이처 엠보싱 물티슈 캡형 72매,15570
닥터크린 블랙라벨 물티슈 캡형 70매,11320
페넬로페 본보야지 루브르 물티슈 캡형 70매,16740
하기스 네이처메이드 생분해물티슈 70캡x10팩,27200
하기스 퓨어그퍼플물티슈72캡x20팩,37900
하기스 퓨어그린물티슈 80캡x8팩+퓨어퍼플32매4팩,17900
BROWN 네이처 마일드 아기물티슈 캡형 70매,20900
달곰이 패밀리 물티슈 캡형 80매,13640
누리케어 제로 물티슈 휴대용 10매,15900
베베숲 네이처 제로 플레인 물티슈 캡형  70매  10팩,37360
블랑슈 블랑슈 프리미어 아기물티슈 캡형 70매 10팩,13640
보솜이물티슈 아기 도톰한 물티슈 캡형 60매 12팩,22800
달곰이 노블레스 크로스 엠보싱 물티슈 캡형 72매,13840
달곰이 유니버스 엠보싱 캡형 물티슈 72매,11990
[생활공작소] 휴대용 비데 물티슈10매 x 10입,9900
[20매X36팩] 닥터아토 바이러스 살균 손소독티슈,46080
하늘수 프리미엄 물티슈 캡형 70매,22950
유한킴벌리 그린핑거 손소독 물티슈 휴대용 20매,7320
스마트에코 아기물티슈 모데라토 엠보 80매X20팩 리필형 물티슈,13130
슈퍼대디 저자극 아기물티슈 소프트플러스 캡형  100매입  10팩,40500
깨끗한나라물티슈 대용량 베이직 물휴지 100매 20팩,22800
크리넥스 마이비데 키즈 캡 비데티슈 360p + 패밀리 30p  1세트,24600
데일리워터 간편한장 행주티슈 캡형 80매  10팩,18900
CODI 닦기 편한 물티슈 캡형 100매,11820
숨 시그니처 물티슈 캡형 70매,9880
페넬로페 바이탈 플러스 스트롬볼리 아기물티슈 캡형 70매,21900
쪼꼬미 엠보싱 미니 물티슈,11400
clear 프리미엄 저자극 포켓 물티슈 25팩 휴대용 아기 미니 물티슈,12400
하기스 퓨어그퍼플물티슈72캡x8팩+퓨어퍼플32매x4팩,17200
잘풀리는집 새싹이 물티슈 캡형  100매  10팩,13500
베베숲 센시티브 엠보싱 유아물티슈 리필형  80매입  10팩,36300
베베숲 라이트 20매 휴대 캡 16팩,10900
아기물티슈 그린터치 저자극 순한성분 (100매입x1팩) 캡형 국산,3650
베베숲 제로 유아물티슈 리필형  80매입  20팩,62200
유한킴벌리 크리넥스 마이비데 화장실용 물티슈 리필형 50매,17980
업소용물티슈 일회용 카페 손님 식당용물티슈 대용량 개별포장 물수건 더맑은세상,17900
닥터바이오 프리미엄 물티슈 캡형 70매,16900
페넬로페 아기물티슈 볼리드 로지 캡형 70매X10팩,23900
한예지 볼륨앤소프트 에디션 물티슈 캡형 100매,8386
디펜드 매일 쓰는 물티슈 캡형 70매,8660
베베숲 센시티브 엠보싱 유아물티슈 리필형  80매입  20팩,61000
앙블랑 봄핑크 아기물티슈 캡형 72매X10팩 N-PIC10,15500
미엘물티슈 클래식 물티슈 캡형 100매 20팩,24900
셀리버리리빙앤헬스 바이오늘 워시 케어 비데 티슈 캡형 50매,11900
BROWN 러브 빌리프 아기물티슈 핑크 캡형 70매,20390
그린에디션 봄버전 [쇼핑라이브],19800
보람씨앤에치 순수데이 비데 물티슈 캡형 80매,16480
[아이러브베베] 아기물티슈 피치 100매 캡형X20팩,17610
업소용물티슈 베스크린 개별포장 덕용 일회용 대용량 고급 물티슈 제작,9900
